"Median Household Income by Massachusetts Town, 1979-2015",,,,,,,,
,,,,,,,,
Sources:,1980 Census Summary Tape File 3 (STF3),,,,,,,
,1990 Census Summary Tape File 3 (STF3),,,,,,,
,2000 Census Summary File 3 (SF3),,,,,,,
,2010 American Community Survey (ACS) 5-Year Summary File,,,,,,,
,2015 American Community Survey (ACS) 5-Year Summary File,,,,,,,
,,,,,,,,
Notes:,"Household income from the 1980-2000 decennial Census refers to income the previous year (1979, 1989 and 1999). Household income from the American Community Survey refers to income earned during the 12 months prior to completing the questionnaire.",,,,,,,
,,,,,,,,
,,,,,,,,
,"Incomes were adjusted for inflation using the annual average consumer price index for all urban consumers compiled by the U.S. Department of Labor, Bureau of Labor Statistics: 1979=72.6, 1989=124.0, 1999=166.6, 2010=218.1 and 2015=237.0, where the 1982-84 average=100.",,,,,,,
,,,,,,,,
,,,,,,,,
,,,,,,,,
,,,,,,,,
,,,,Median Income (adjusted to 2015 Dollars),,,,
Town#,Town,,,1979,1989,1999,2006-10,2011-15
1,Abington,,,"$64,121 ","$81,669 ","$81,229 ","$81,053 ","$80,148 "
2,Acton,,,"$89,195 ","$117,342 ","$130,341 ","$114,667 ","$125,635 "
3,Acushnet,,,"$54,987 ","$68,298 ","$73,262 ","$67,869 ","$67,421 "
4,Adams,,,"$45,072 ","$47,897 ","$45,751 ","$41,662 ","$45,893 "
5,Agawam,,,"$63,288 ","$71,217 ","$70,261 ","$68,094 ","$61,494 "
6,Alford,,,"$58,659 ","$74,661 ","$70,605 ","$89,649 ","$95,313 "
7,Amesbury,,,"$52,538 ","$72,417 ","$73,840 ","$81,465 ","$76,558 "
8,Amherst,,,"$46,842 ","$51,169 ","$56,927 ","$54,401 ","$48,059 "
9,Andover,,,"$88,976 ","$116,723 ","$124,735 ","$120,621 ","$129,082 "
10,Arlington,,,"$67,241 ","$82,776 ","$91,534 ","$89,944 ","$93,787 "
11,Ashburnham,,,"$64,620 ","$81,119 ","$79,049 ","$86,933 ","$87,615 "
12,Ashby,,,"$64,440 ","$88,397 ","$86,777 ","$87,088 ","$82,019 "
13,Ashfield,,,"$53,221 ","$63,784 ","$75,218 ","$68,935 ","$71,364 "
14,Ashland,,,"$76,757 ","$97,806 ","$97,292 ","$101,031 ","$102,911 "
15,Athol,,,"$48,967 ","$51,786 ","$47,620 ","$51,180 ","$47,598 "
16,Attleboro,,,"$58,013 ","$70,012 ","$72,276 ","$70,235 ","$67,736 "
17,Auburn,,,"$66,840 ","$76,285 ","$73,622 ","$77,560 ","$72,432 "
18,Avon,,,"$66,579 ","$82,595 ","$71,562 ","$73,146 ","$76,065 "
19,Ayer,,,"$49,039 ","$56,051 ","$66,319 ","$60,704 ","$74,659 "
20,Barnstable,,,"$53,250 ","$63,858 ","$66,592 ","$67,660 ","$59,711 "
21,Barre,,,"$62,087 ","$70,423 ","$71,915 ","$81,959 ","$67,536 "
22,Becket,,,"$59,090 ","$60,081 ","$66,585 ","$45,673 ","$64,886 "
23,Bedford,,,"$93,213 ","$110,016 ","$125,132 ","$116,967 ","$113,729 "
24,Belchertown,,,"$57,020 ","$74,288 ","$74,638 ","$83,770 ","$76,881 "
25,Bellingham,,,"$69,112 ","$86,767 ","$91,750 ","$85,074 ","$88,460 "
26,Belmont,,,"$75,520 ","$102,231 ","$114,225 ","$103,447 ","$110,685 "
27,Berkley,,,"$61,059 ","$82,201 ","$94,309 ","$88,155 ","$86,288 "
28,Berlin,,,"$75,781 ","$94,716 ","$93,416 ","$100,969 ","$88,816 "
29,Bernardston,,,"$56,459 ","$62,044 ","$64,384 ","$57,457 ","$61,103 "
30,Beverly,,,"$61,261 ","$75,693 ","$76,796 ","$72,449 ","$72,837 "
31,Billerica,,,"$75,954 ","$95,966 ","$96,449 ","$94,619 ","$96,316 "
32,Blackstone,,,"$53,048 ","$73,942 ","$78,473 ","$78,104 ","$73,679 "
33,Blandford,,,"$71,139 ","$74,575 ","$75,304 ","$78,444 ","$71,458 "
34,Bolton,,,"$86,848 ","$121,858 ","$146,237 ","$136,637 ","$147,446 "
35,Boston,,,"$40,904 ","$55,771 ","$56,375 ","$55,076 ","$55,777 "
36,Bourne,,,"$51,389 ","$65,288 ","$64,176 ","$66,740 ","$69,157 "
37,Boxborough,,,"$74,018 ","$98,107 ","$124,643 ","$111,080 ","$102,699 "
38,Boxford,,,"$114,726 ","$150,155 ","$161,052 ","$155,441 ","$140,268 "
39,Boylston,,,"$72,471 ","$100,197 ","$96,312 ","$95,858 ","$102,905 "
40,Braintree,,,"$73,901 ","$85,500 ","$87,901 ","$88,178 ","$84,776 "
41,Brewster,,,"$51,210 ","$66,771 ","$70,099 ","$63,433 ","$66,220 "
42,Bridgewater,,,"$60,631 ","$80,146 ","$92,919 ","$93,455 ","$84,697 "
43,Brimfield,,,"$52,901 ","$69,240 ","$71,386 ","$82,178 ","$87,961 "
44,Brockton,,,"$49,976 ","$60,611 ","$56,201 ","$54,238 ","$47,557 "
45,Brookfield,,,"$50,292 ","$58,006 ","$64,947 ","$65,405 ","$63,920 "
46,Brookline,,,"$63,775 ","$87,151 ","$94,901 ","$103,719 ","$95,518 "
47,Buckland,,,"$50,485 ","$62,428 ","$65,201 ","$53,773 ","$56,875 "
48,Burlington,,,"$87,354 ","$106,941 ","$107,034 ","$98,170 ","$94,518 "
49,Cambridge,,,"$46,391 ","$63,340 ","$68,253 ","$70,486 ","$79,416 "
50,Canton,,,"$83,707 ","$102,239 ","$98,527 ","$97,479 ","$95,045 "
51,Carlisle,,,"$124,862 ","$160,520 ","$184,665 ","$168,432 ","$166,111 "
52,Carver,,,"$60,265 ","$73,925 ","$76,116 ","$77,274 ","$74,375 "
53,Charlemont,,,"$46,088 ","$55,292 ","$66,218 ","$64,181 ","$53,750 "
54,Charlton,,,"$58,989 ","$81,155 ","$89,669 ","$95,363 ","$87,294 "
55,Chatham,,,"$50,407 ","$59,852 ","$64,754 ","$71,709 ","$67,587 "
56,Chelmsford,,,"$85,686 ","$103,154 ","$99,874 ","$100,570 ","$95,290 "
57,Chelsea,,,"$36,565 ","$48,057 ","$42,906 ","$43,996 ","$47,733 "
58,Cheshire,,,"$55,369 ","$70,341 ","$59,721 ","$62,395 ","$55,063 "
59,Chester,,,"$51,915 ","$68,090 ","$62,331 ","$59,992 ","$67,738 "
60,Chesterfield,,,"$50,717 ","$69,009 ","$69,796 ","$63,841 ","$64,167 "
61,Chicopee,,,"$50,442 ","$55,246 ","$50,746 ","$48,059 ","$47,684 "
62,Chilmark,,,"$51,686 ","$65,701 ","$59,630 ","$79,236 ","$78,333 "
63,Clarksburg,,,"$53,769 ","$61,953 ","$61,685 ","$56,565 ","$56,625 "
64,Clinton,,,"$50,119 ","$65,158 ","$63,646 ","$63,924 ","$62,805 "
65,Cohasset,,,"$89,910 ","$120,283 ","$119,718 ","$124,111 ","$113,843 "
66,Colrain,,,"$54,011 ","$57,516 ","$57,011 ","$63,690 ","$50,458 "
67,Concord,,,"$100,320 ","$133,632 ","$136,420 ","$130,245 ","$134,036 "
68,Conway,,,"$60,954 ","$78,344 ","$79,798 ","$85,095 ","$76,667 "
69,Cummington,,,"$40,675 ","$58,755 ","$60,104 ","$65,199 ","$50,565 "
70,Dalton,,,"$66,693 ","$69,797 ","$68,128 ","$62,181 ","$47,013 "
71,Danvers,,,"$71,502 ","$83,636 ","$83,617 ","$81,836 ","$77,949 "
72,Dartmouth,,,"$58,205 ","$67,159 ","$72,184 ","$76,074 ","$68,265 "
73,Dedham,,,"$72,918 ","$87,321 ","$87,771 ","$87,873 ","$83,438 "
74,Deerfield,,,"$60,993 ","$68,814 ","$70,793 ","$67,277 ","$74,853 "
75,Dennis,,,"$45,520 ","$53,325 ","$59,176 ","$55,031 ","$53,381 "
76,Dighton,,,"$63,876 ","$78,013 ","$83,363 ","$90,867 ","$78,931 "
77,Douglas,,,"$54,872 ","$73,321 ","$86,107 ","$93,685 ","$85,313 "
78,Dover,,,"$133,304 ","$174,646 ","$201,746 ","$178,845 ","$185,542 "
79,Dracut,,,"$69,086 ","$86,323 ","$82,048 ","$76,971 ","$77,848 "
80,Dudley,,,"$57,996 ","$65,250 ","$69,140 ","$70,396 ","$66,339 "
81,Dunstable,,,"$78,579 ","$119,484 ","$123,241 ","$123,438 ","$118,523 "
82,Duxbury,,,"$92,894 ","$122,089 ","$138,166 ","$124,493 ","$120,267 "
83,East Bridgewater,,,"$65,404 ","$81,448 ","$85,797 ","$85,294 ","$84,118 "
84,East Brookfield,,,"$54,925 ","$73,061 ","$73,774 ","$78,200 ","$72,375 "
85,East Longmeadow,,,"$71,218 ","$79,074 ","$89,167 ","$84,711 ","$81,655 "
86,Eastham,,,"$50,247 ","$59,898 ","$60,627 ","$63,841 ","$60,760 "
87,Easthampton,,,"$55,969 ","$64,474 ","$64,279 ","$59,393 ","$56,527 "
88,Easton,,,"$77,185 ","$96,801 ","$98,362 ","$93,507 ","$96,059 "
89,Edgartown,,,"$49,976 ","$69,351 ","$71,707 ","$73,485 ","$60,714 "
90,Egremont,,,"$54,069 ","$60,085 ","$71,128 ","$56,350 ","$64,044 "
91,Erving,,,"$54,311 ","$58,235 ","$56,958 ","$55,917 ","$60,769 "
92,Essex,,,"$55,248 ","$88,500 ","$84,720 ","$83,661 ","$92,396 "
93,Everett,,,"$50,857 ","$58,841 ","$57,843 ","$54,047 ","$50,762 "
94,Fairhaven,,,"$49,584 ","$57,524 ","$59,315 ","$58,836 ","$61,274 "
95,Fall River,,,"$37,561 ","$42,912 ","$41,274 ","$37,203 ","$35,213 "
96,Falmouth,,,"$54,099 ","$64,877 ","$68,555 ","$67,799 ","$66,670 "
97,Fitchburg,,,"$46,156 ","$51,798 ","$52,641 ","$51,094 ","$48,724 "
98,Florida,,,"$43,679 ","$56,972 ","$61,170 ","$57,955 ","$53,438 "
99,Foxborough,,,"$71,534 ","$86,782 ","$91,504 ","$101,491 ","$88,766 "
100,Framingham,,,"$68,740 ","$82,086 ","$77,228 ","$69,612 ","$68,219 "
101,Franklin,,,"$68,488 ","$96,862 ","$101,250 ","$97,071 ","$108,272 "
102,Freetown,,,"$66,060 ","$86,958 ","$91,864 ","$89,441 ","$87,921 "
103,Gardner,,,"$48,291 ","$53,583 ","$53,110 ","$52,521 ","$43,905 "
104,Gay Head,,,"$21,643 ","$34,881 ","$64,312 ","$62,483 ","$64,688 "
105,Georgetown,,,"$69,406 ","$85,742 ","$108,485 ","$110,703 ","$107,683 "
106,Gill,,,"$54,409 ","$67,004 ","$72,195 ","$63,555 ","$73,750 "
107,Gloucester,,,"$51,063 ","$62,480 ","$67,888 ","$65,749 ","$61,505 "
108,Goshen,,,"$56,756 ","$75,599 ","$70,535 ","$76,745 ","$71,118 "
109,Gosnold,,,"$42,846 ","$72,868 ","$31,786 ","$50,258 ","$32,292 "
110,Grafton,,,"$70,437 ","$80,867 ","$79,692 ","$99,693 ","$88,712 "
111,Granby,,,"$66,615 ","$78,892 ","$77,236 ","$72,508 ","$86,910 "
112,Granville,,,"$57,128 ","$79,492 ","$75,607 ","$75,115 ","$79,464 "
113,Great Barrington,,,"$49,577 ","$61,821 ","$64,713 ","$57,422 ","$55,588 "
114,Greenfield,,,"$47,008 ","$50,993 ","$47,101 ","$49,183 ","$49,612 "
115,Groton,,,"$73,421 ","$105,444 ","$117,887 ","$134,586 ","$116,642 "
116,Groveland,,,"$73,695 ","$92,413 ","$98,395 ","$91,531 ","$95,208 "
117,Hadley,,,"$68,214 ","$70,458 ","$73,762 ","$75,969 ","$65,625 "
118,Halifax,,,"$58,937 ","$71,094 ","$81,108 ","$88,948 ","$64,013 "
119,Hamilton,,,"$85,278 ","$93,972 ","$102,425 ","$108,375 ","$109,500 "
120,Hampden,,,"$76,953 ","$89,139 ","$93,409 ","$85,704 ","$81,018 "
121,Hancock,,,"$49,421 ","$62,415 ","$64,509 ","$80,635 ","$74,554 "
122,Hanover,,,"$85,881 ","$104,660 ","$105,040 ","$108,919 ","$101,823 "
123,Hanson,,,"$65,730 ","$86,992 ","$89,177 ","$89,067 ","$91,384 "
124,Hardwick,,,"$47,668 ","$57,604 ","$65,071 ","$62,881 ","$56,278 "
125,Harvard,,,"$66,739 ","$90,402 ","$153,544 ","$153,516 ","$126,061 "
126,Harwich,,,"$48,089 ","$54,011 ","$59,111 ","$59,721 ","$68,267 "
127,Hatfield,,,"$55,542 ","$74,280 ","$71,467 ","$58,613 ","$65,451 "
128,Haverhill,,,"$49,111 ","$70,613 ","$70,891 ","$67,325 ","$60,888 "
129,Hawley,,,"$52,173 ","$55,189 ","$54,235 ","$70,973 ","$68,750 "
130,Heath,,,"$48,027 ","$57,681 ","$71,891 ","$74,844 ","$51,625 "
131,Hingham,,,"$88,800 ","$115,201 ","$118,099 ","$107,460 ","$116,187 "
132,Hinsdale,,,"$51,925 ","$64,437 ","$60,459 ","$66,032 ","$63,555 "
133,Holbrook,,,"$69,860 ","$72,199 ","$77,415 ","$68,050 ","$66,370 "
134,Holden,,,"$78,553 ","$93,927 ","$91,467 ","$96,066 ","$98,630 "
135,Holland,,,"$58,408 ","$70,605 ","$74,077 ","$73,454 ","$75,000 "
136,Holliston,,,"$84,295 ","$110,889 ","$111,091 ","$112,578 ","$108,869 "
137,Holyoke,,,"$40,313 ","$43,688 ","$43,304 ","$34,717 ","$36,608 "
138,Hopedale,,,"$62,831 ","$85,934 ","$85,605 ","$105,652 ","$95,268 "
139,Hopkinton,,,"$75,935 ","$103,890 ","$127,008 ","$130,660 ","$138,551 "
140,Hubbardston,,,"$64,059 ","$81,517 ","$87,434 ","$89,587 ","$81,757 "
141,Hudson,,,"$71,593 ","$86,373 ","$83,290 ","$81,481 ","$75,985 "
142,Hull,,,"$56,054 ","$72,023 ","$74,510 ","$78,420 ","$74,391 "
143,Huntington,,,"$53,103 ","$63,910 ","$69,646 ","$67,277 ","$62,976 "
144,Ipswich,,,"$67,379 ","$81,012 ","$81,490 ","$87,819 ","$76,458 "
145,Kingston,,,"$63,859 ","$78,118 ","$76,506 ","$84,385 ","$85,384 "
146,Lakeville,,,"$60,934 ","$85,742 ","$100,284 ","$100,008 ","$90,876 "
147,Lancaster,,,"$68,149 ","$79,418 ","$86,424 ","$87,952 ","$96,813 "
148,Lanesborough,,,"$54,690 ","$69,626 ","$66,144 ","$72,217 ","$68,036 "
149,Lawrence,,,"$39,108 ","$42,398 ","$39,808 ","$34,372 ","$34,852 "
150,Lee,,,"$63,285 ","$64,244 ","$59,116 ","$54,984 ","$58,790 "
151,Leicester,,,"$65,838 ","$77,065 ","$78,297 ","$76,459 ","$69,099 "
152,Lenox,,,"$61,036 ","$65,940 ","$64,842 ","$65,856 ","$49,634 "
153,Leominster,,,"$54,017 ","$68,757 ","$63,863 ","$60,521 ","$58,955 "
154,Leverett,,,"$68,283 ","$87,705 ","$89,911 ","$75,742 ","$83,333 "
155,Lexington,,,"$102,755 ","$128,800 ","$137,740 ","$141,958 ","$149,306 "
156,Leyden,,,"$64,780 ","$61,926 ","$71,676 ","$80,990 ","$76,250 "
157,Lincoln,,,"$99,027 ","$109,922 ","$112,387 ","$131,599 ","$128,934 "
158,Littleton,,,"$76,336 ","$98,288 ","$101,549 ","$112,595 ","$111,680 "
159,Longmeadow,,,"$105,805 ","$120,799 ","$107,348 ","$100,909 ","$111,081 "
160,Lowell,,,"$47,057 ","$56,098 ","$55,753 ","$54,542 ","$48,002 "
161,Ludlow,,,"$64,920 ","$69,279 ","$66,864 ","$66,295 ","$63,548 "
162,Lunenburg,,,"$68,136 ","$82,566 ","$80,820 ","$94,070 ","$80,572 "
163,Lynn,,,"$46,904 ","$54,573 ","$53,153 ","$46,944 ","$47,429 "
164,Lynnfield,,,"$101,554 ","$111,927 ","$114,696 ","$95,180 ","$118,828 "
165,Malden,,,"$52,029 ","$65,641 ","$64,946 ","$61,230 ","$54,896 "
166,Manchester,,,"$86,903 ","$100,928 ","$104,512 ","$114,099 ","$95,243 "
167,Mansfield,,,"$68,364 ","$89,984 ","$95,205 ","$102,721 ","$93,019 "
168,Marblehead,,,"$78,288 ","$101,935 ","$105,225 ","$105,511 ","$102,993 "
169,Marion,,,"$64,271 ","$88,281 ","$87,132 ","$109,759 ","$76,503 "
170,Marlborough,,,"$62,720 ","$78,965 ","$80,914 ","$77,823 ","$71,790 "
171,Marshfield,,,"$70,010 ","$93,626 ","$94,612 ","$93,981 ","$84,167 "
172,Mashpee,,,"$52,816 ","$62,163 ","$72,368 ","$68,074 ","$70,313 "
173,Mattapoisett,,,"$68,626 ","$77,344 ","$83,172 ","$81,366 ","$86,659 "
174,Maynard,,,"$65,547 ","$82,669 ","$86,509 ","$82,148 ","$88,333 "
175,Medfield,,,"$102,380 ","$126,306 ","$139,053 ","$136,971 ","$138,036 "
176,Medford,,,"$59,629 ","$74,271 ","$74,651 ","$76,177 ","$76,445 "
177,Medway,,,"$75,732 ","$104,848 ","$106,885 ","$110,841 ","$110,241 "
178,Melrose,,,"$69,014 ","$84,305 ","$89,353 ","$89,630 ","$85,521 "
179,Mendon,,,"$64,630 ","$106,868 ","$101,236 ","$111,518 ","$108,942 "
180,Merrimac,,,"$59,498 ","$78,814 ","$83,493 ","$82,061 ","$73,986 "
181,Methuen,,,"$61,849 ","$72,058 ","$70,598 ","$67,179 ","$71,392 "
182,Middleborough,,,"$51,690 ","$69,902 ","$75,048 ","$76,889 ","$76,500 "
183,Middlefield,,,"$49,499 ","$69,416 ","$72,463 ","$71,991 ","$78,281 "
184,Middleton,,,"$69,693 ","$88,103 ","$115,790 ","$95,330 ","$108,622 "
185,Milford,,,"$62,834 ","$72,973 ","$72,346 ","$72,411 ","$69,741 "
186,Millbury,,,"$60,830 ","$71,555 ","$73,141 ","$73,293 ","$71,151 "
187,Millis,,,"$75,798 ","$95,737 ","$89,346 ","$92,879 ","$92,042 "
188,Millville,,,"$53,622 ","$76,746 ","$81,086 ","$83,944 ","$81,438 "
189,Milton,,,"$80,884 ","$101,547 ","$112,362 ","$105,863 ","$116,444 "
190,Monroe,,,"$54,579 ","$72,868 ","$36,276 ","$33,505 ","$33,750 "
191,Monson,,,"$65,808 ","$68,726 ","$74,016 ","$79,330 ","$67,807 "
192,Montague,,,"$49,479 ","$51,943 ","$48,012 ","$45,792 ","$52,283 "
193,Monterey,,,"$47,047 ","$56,687 ","$70,773 ","$45,232 ","$53,000 "
194,Montgomery,,,"$72,905 ","$89,483 ","$84,021 ","$79,802 ","$76,250 "
195,Mount Washington,,,"$43,525 ","$80,634 ","$75,574 ","$71,538 ","$66,500 "
196,Nahant,,,"$78,990 ","$90,236 ","$91,118 ","$88,922 ","$65,284 "
197,Nantucket,,,"$62,064 ","$77,084 ","$78,984 ","$90,570 ","$84,057 "
198,Natick,,,"$74,750 ","$94,091 ","$99,231 ","$95,156 ","$100,469 "
199,Needham,,,"$94,872 ","$115,360 ","$125,298 ","$124,276 ","$132,237 "
200,New Ashford,,,"$55,558 ","$61,435 ","$72,907 ","$75,613 ","$88,750 "
201,New Bedford,,,"$37,979 ","$43,285 ","$39,219 ","$39,307 ","$37,574 "
202,New Braintree,,,"$61,209 ","$82,595 ","$78,019 ","$92,819 ","$80,000 "
203,New Marlborough,,,"$50,096 ","$58,442 ","$66,683 ","$62,936 ","$74,688 "
204,New Salem,,,"$58,418 ","$68,090 ","$69,262 ","$66,798 ","$68,500 "
205,Newbury,,,"$68,671 ","$84,227 ","$106,459 ","$98,942 ","$91,168 "
206,Newburyport,,,"$55,904 ","$73,810 ","$83,301 ","$82,912 ","$85,556 "
207,Newton,,,"$87,040 ","$114,140 ","$122,415 ","$117,029 ","$122,080 "
208,Norfolk,,,"$85,855 ","$121,870 ","$122,559 ","$123,081 ","$141,278 "
209,North Adams,,,"$40,616 ","$42,240 ","$39,264 ","$38,469 ","$38,490 "
210,North Andover,,,"$72,562 ","$98,798 ","$103,461 ","$99,691 ","$100,286 "
211,North Attleborough,,,"$62,152 ","$80,242 ","$84,459 ","$84,400 ","$81,849 "
212,North Brookfield,,,"$54,108 ","$60,909 ","$63,000 ","$62,152 ","$68,232 "
213,North Reading,,,"$77,740 ","$100,738 ","$109,484 ","$104,337 ","$123,103 "
214,Northampton,,,"$48,533 ","$59,435 ","$59,475 ","$57,449 ","$59,274 "
215,Northborough,,,"$84,951 ","$110,784 ","$113,494 ","$111,892 ","$107,797 "
216,Northbridge,,,"$55,728 ","$70,018 ","$71,779 ","$73,910 ","$72,550 "
217,Northfield,,,"$51,089 ","$62,270 ","$69,906 ","$76,725 ","$63,491 "
218,Norton,,,"$65,488 ","$83,831 ","$92,208 ","$84,527 ","$91,438 "
219,Norwell,,,"$91,330 ","$115,560 ","$124,328 ","$118,385 ","$111,628 "
220,Norwood,,,"$71,107 ","$81,813 ","$83,108 ","$78,752 ","$80,532 "
221,Oak Bluffs,,,"$39,314 ","$59,474 ","$59,810 ","$64,282 ","$75,242 "
222,Oakham,,,"$58,786 ","$78,927 ","$86,391 ","$84,103 ","$80,313 "
223,Orange,,,"$40,718 ","$50,212 ","$52,420 ","$46,519 ","$38,585 "
224,Orleans,,,"$53,906 ","$56,419 ","$60,593 ","$61,193 ","$64,861 "
225,Otis,,,"$46,783 ","$58,900 ","$73,245 ","$69,274 ","$61,406 "
226,Oxford,,,"$58,561 ","$70,110 ","$74,305 ","$71,551 ","$66,713 "
227,Palmer,,,"$52,773 ","$59,554 ","$58,956 ","$55,026 ","$51,376 "
228,Paxton,,,"$89,818 ","$93,990 ","$102,480 ","$109,028 ","$91,989 "
229,Peabody,,,"$67,532 ","$76,069 ","$77,998 ","$71,192 ","$60,596 "
230,Pelham,,,"$77,022 ","$93,749 ","$87,259 ","$88,851 ","$90,000 "
231,Pembroke,,,"$68,390 ","$89,701 ","$92,538 ","$87,687 ","$90,790 "
232,Pepperell,,,"$67,274 ","$85,037 ","$92,699 ","$89,166 ","$80,524 "
233,Peru,,,"$58,003 ","$66,299 ","$63,348 ","$71,991 ","$66,354 "
234,Petersham,,,"$61,904 ","$74,661 ","$68,046 ","$67,819 ","$64,000 "
235,Phillipston,,,"$54,863 ","$67,990 ","$66,640 ","$76,602 ","$78,523 "
236,Pittsfield,,,"$51,755 ","$57,314 ","$50,722 ","$46,931 ","$43,916 "
237,Plainfield,,,"$48,245 ","$58,625 ","$52,991 ","$61,998 ","$55,938 "
238,Plainville,,,"$65,736 ","$79,812 ","$81,307 ","$80,027 ","$91,009 "
239,Plymouth,,,"$56,978 ","$76,234 ","$77,782 ","$81,246 ","$76,835 "
240,Plympton,,,"$67,251 ","$88,208 ","$99,644 ","$95,536 ","$90,648 "
241,Princeton,,,"$79,264 ","$100,740 ","$115,218 ","$111,766 ","$114,167 "
242,Provincetown,,,"$32,997 ","$39,157 ","$46,541 ","$48,515 ","$36,958 "
243,Quincy,,,"$56,723 ","$68,535 ","$67,033 ","$64,985 ","$64,155 "
244,Randolph,,,"$70,561 ","$82,652 ","$78,604 ","$70,206 ","$63,681 "
245,Raynham,,,"$72,576 ","$85,714 ","$85,993 ","$82,447 ","$82,995 "
246,Reading,,,"$84,210 ","$100,884 ","$109,622 ","$107,720 ","$107,654 "
247,Rehoboth,,,"$68,570 ","$85,945 ","$92,998 ","$95,188 ","$88,868 "
248,Revere,,,"$49,483 ","$58,598 ","$52,730 ","$54,071 ","$50,886 "
249,Richmond,,,"$71,831 ","$91,469 ","$86,659 ","$95,280 ","$85,972 "
250,Rochester,,,"$62,622 ","$80,274 ","$90,033 ","$103,256 ","$98,958 "
251,Rockland,,,"$56,651 ","$76,069 ","$72,000 ","$70,102 ","$69,247 "
252,Rockport,,,"$53,818 ","$67,268 ","$72,069 ","$76,745 ","$64,839 "
253,Rowe,,,"$65,289 ","$69,626 ","$59,668 ","$50,258 ","$56,477 "
254,Rowley,,,"$64,467 ","$91,679 ","$88,384 ","$81,403 ","$86,820 "
255,Royalston,,,"$49,907 ","$63,709 ","$63,225 ","$65,618 ","$58,750 "
256,Russell,,,"$58,519 ","$70,578 ","$66,292 ","$62,754 ","$68,798 "
257,Rutland,,,"$63,765 ","$84,263 ","$89,403 ","$88,340 ","$94,028 "
258,Salem,,,"$49,457 ","$62,394 ","$62,640 ","$61,917 ","$60,690 "
259,Salisbury,,,"$53,766 ","$68,193 ","$70,147 ","$68,369 ","$69,500 "
260,Sandisfield,,,"$41,622 ","$61,958 ","$65,398 ","$67,819 ","$58,906 "
261,Sandwich,,,"$65,939 ","$83,141 ","$87,132 ","$90,546 ","$83,305 "
262,Saugus,,,"$69,615 ","$80,119 ","$78,669 ","$77,178 ","$77,371 "
263,Savoy,,,"$52,568 ","$63,910 ","$59,004 ","$60,309 ","$53,036 "
264,Scituate,,,"$83,877 ","$99,471 ","$100,815 ","$94,238 ","$102,210 "
265,Seekonk,,,"$71,932 ","$82,860 ","$80,182 ","$82,893 ","$76,826 "
266,Sharon,,,"$89,182 ","$117,911 ","$126,973 ","$125,153 ","$124,444 "
267,Sheffield,,,"$51,729 ","$55,892 ","$64,132 ","$51,230 ","$55,781 "
268,Shelburne,,,"$44,952 ","$52,826 ","$59,825 ","$69,048 ","$54,474 "
269,Sherborn,,,"$136,314 ","$179,518 ","$173,117 ","$157,837 ","$155,956 "
270,Shirley,,,"$54,095 ","$73,350 ","$75,886 ","$78,889 ","$67,896 "
271,Shrewsbury,,,"$69,546 ","$84,571 ","$91,382 ","$93,123 ","$94,017 "
272,Shutesbury,,,"$67,421 ","$76,199 ","$85,977 ","$73,349 ","$75,208 "
273,Somerset,,,"$63,716 ","$69,605 ","$73,646 ","$72,890 ","$70,502 "
274,Somerville,,,"$47,012 ","$62,031 ","$65,886 ","$67,080 ","$73,106 "
275,South Hadley,,,"$63,699 ","$73,955 ","$66,403 ","$67,629 ","$60,427 "
276,Southampton,,,"$64,627 ","$86,260 ","$87,959 ","$87,735 ","$79,858 "
277,Southborough,,,"$87,168 ","$118,009 ","$146,505 ","$152,332 ","$143,916 "
278,Southbridge,,,"$45,112 ","$53,199 ","$48,244 ","$51,327 ","$43,870 "
279,Southwick,,,"$61,689 ","$77,705 ","$74,395 ","$78,599 ","$80,444 "
280,Spencer,,,"$56,488 ","$63,457 ","$66,289 ","$69,286 ","$62,901 "
281,Springfield,,,"$43,447 ","$49,036 ","$43,270 ","$37,629 ","$34,728 "
282,Sterling,,,"$71,296 ","$94,313 ","$95,580 ","$110,964 ","$87,039 "
283,Stockbridge,,,"$59,707 ","$67,669 ","$69,096 ","$59,870 ","$56,027 "
284,Stoneham,,,"$69,275 ","$82,841 ","$80,525 ","$83,210 ","$78,099 "
285,Stoughton,,,"$69,778 ","$80,358 ","$82,279 ","$72,996 ","$76,179 "
286,Stow,,,"$98,440 ","$126,703 ","$136,979 ","$127,617 ","$137,551 "
287,Sturbridge,,,"$63,650 ","$77,855 ","$80,402 ","$77,812 ","$83,806 "
288,Sudbury,,,"$122,959 ","$151,168 ","$168,687 ","$166,579 ","$165,745 "
289,Sunderland,,,"$37,708 ","$54,432 ","$52,844 ","$58,620 ","$47,688 "
290,Sutton,,,"$66,543 ","$88,858 ","$106,893 ","$114,277 ","$108,615 "
291,Swampscott,,,"$78,559 ","$95,930 ","$101,129 ","$98,628 ","$98,612 "
292,Swansea,,,"$61,440 ","$76,675 ","$74,719 ","$74,733 ","$73,168 "
293,Taunton,,,"$51,255 ","$61,763 ","$61,074 ","$58,245 ","$53,058 "
294,Templeton,,,"$59,230 ","$65,739 ","$68,969 ","$71,869 ","$65,194 "
295,Tewksbury,,,"$80,789 ","$100,480 ","$97,873 ","$91,441 ","$90,484 "
296,Tisbury,,,"$42,862 ","$54,053 ","$52,693 ","$63,625 ","$42,180 "
297,Tolland,,,"$57,128 ","$76,452 ","$75,574 ","$60,542 ","$87,292 "
298,Topsfield,,,"$97,976 ","$124,224 ","$137,178 ","$124,982 ","$114,565 "
299,Townsend,,,"$69,575 ","$89,659 ","$87,837 ","$83,165 ","$81,047 "
300,Truro,,,"$44,798 ","$54,153 ","$61,143 ","$87,394 ","$60,432 "
301,Tyngsborough,,,"$68,381 ","$93,351 ","$99,321 ","$103,850 ","$106,290 "
302,Tyringham,,,"$67,620 ","$93,175 ","$85,710 ","$101,874 ","$77,500 "
303,Upton,,,"$65,792 ","$87,847 ","$111,807 ","$117,305 ","$112,917 "
304,Uxbridge,,,"$56,730 ","$76,564 ","$87,993 ","$88,157 ","$89,703 "
305,Wakefield,,,"$69,089 ","$84,020 ","$94,056 ","$96,980 ","$85,573 "
306,Wales,,,"$60,546 ","$65,380 ","$69,572 ","$69,329 ","$50,500 "
307,Walpole,,,"$82,225 ","$97,938 ","$106,347 ","$97,470 ","$97,630 "
308,Waltham,,,"$60,768 ","$73,611 ","$76,833 ","$72,095 ","$75,205 "
309,Ware,,,"$50,191 ","$56,240 ","$52,457 ","$55,522 ","$47,513 "
310,Wareham,,,"$43,437 ","$56,245 ","$57,503 ","$59,170 ","$58,728 "
311,Warren,,,"$51,030 ","$58,147 ","$49,197 ","$59,799 ","$47,014 "
312,Warwick,,,"$43,186 ","$60,647 ","$59,866 ","$73,408 ","$55,347 "
313,Washington,,,"$56,201 ","$76,929 ","$77,648 ","$74,877 ","$72,321 "
314,Watertown,,,"$62,446 ","$83,122 ","$85,018 ","$80,501 ","$87,409 "
315,Wayland,,,"$111,452 ","$137,722 ","$143,731 ","$141,054 ","$145,266 "
316,Webster,,,"$45,520 ","$57,467 ","$54,298 ","$52,855 ","$48,057 "
317,Wellesley,,,"$106,363 ","$151,204 ","$161,726 ","$151,897 ","$163,454 "
318,Wellfleet,,,"$41,837 ","$46,156 ","$61,964 ","$71,838 ","$45,735 "
319,Wendell,,,"$37,858 ","$55,177 ","$62,374 ","$64,656 ","$43,854 "
320,Wenham,,,"$102,240 ","$102,965 ","$128,777 ","$144,196 ","$109,250 "
321,West Boylston,,,"$74,172 ","$81,861 ","$76,501 ","$86,830 ","$68,673 "
322,West Bridgewater,,,"$68,377 ","$77,623 ","$79,604 ","$82,887 ","$81,119 "
323,West Brookfield,,,"$61,382 ","$74,645 ","$70,733 ","$66,633 ","$64,375 "
324,West Newbury,,,"$80,113 ","$108,162 ","$132,054 ","$121,422 ","$131,167 "
325,West Springfield,,,"$54,151 ","$61,532 ","$57,281 ","$55,809 ","$54,585 "
326,West Stockbridge,,,"$52,189 ","$61,414 ","$72,551 ","$74,708 ","$72,500 "
327,West Tisbury,,,"$48,239 ","$61,968 ","$76,928 ","$77,877 ","$75,000 "
328,Westborough,,,"$75,223 ","$84,181 ","$104,442 ","$104,394 ","$101,467 "
329,Westfield,,,"$58,737 ","$64,024 ","$64,357 ","$56,093 ","$61,053 "
330,Westford,,,"$88,526 ","$115,759 ","$139,799 ","$131,668 ","$121,591 "
331,Westhampton,,,"$59,364 ","$84,905 ","$85,481 ","$88,475 ","$81,635 "
332,Westminster,,,"$69,229 ","$88,477 ","$82,160 ","$85,925 ","$88,902 "
333,Weston,,,"$155,539 ","$181,829 ","$218,959 ","$161,382 ","$199,519 "
334,Westport,,,"$57,941 ","$70,894 ","$78,862 ","$74,667 ","$79,841 "
335,Westwood,,,"$95,969 ","$111,923 ","$124,324 ","$124,151 ","$135,884 "
336,Weymouth,,,"$63,673 ","$79,483 ","$73,497 ","$71,555 ","$69,123 "
337,Whately,,,"$64,835 ","$80,723 ","$83,831 ","$80,432 ","$73,229 "
338,Whitman,,,"$62,253 ","$77,941 ","$78,672 ","$82,887 ","$72,490 "
339,Wilbraham,,,"$86,590 ","$96,090 ","$92,487 ","$97,078 ","$90,731 "
340,Williamsburg,,,"$53,338 ","$76,777 ","$67,216 ","$70,138 ","$65,855 "
341,Williamstown,,,"$57,977 ","$64,886 ","$73,796 ","$68,508 ","$72,393 "
342,Wilmington,,,"$75,954 ","$99,748 ","$100,507 ","$103,124 ","$100,862 "
343,Winchendon,,,"$51,618 ","$61,853 ","$62,237 ","$63,659 ","$59,661 "
344,Winchester,,,"$95,472 ","$126,134 ","$133,791 ","$132,107 ","$143,017 "
345,Windsor,,,"$61,003 ","$85,003 ","$73,104 ","$81,228 ","$76,042 "
346,Winthrop,,,"$59,720 ","$71,176 ","$75,570 ","$73,387 ","$61,919 "
347,Woburn,,,"$67,339 ","$81,572 ","$78,095 ","$77,218 ","$78,750 "
348,Worcester,,,"$46,081 ","$55,341 ","$50,676 ","$48,939 ","$45,472 "
349,Worthington,,,"$58,760 ","$72,533 ","$75,463 ","$66,395 ","$72,063 "
350,Wrentham,,,"$69,778 ","$88,552 ","$111,022 ","$102,587 ","$102,659 "
351,Yarmouth,,,"$47,531 ","$52,029 ","$56,630 ","$52,869 ","$57,569 "
,,,,,,,,
,Massachusetts,,,"$57,373 ","$70,626 ","$71,843 ","$70,099 ","$68,563 "
